{"cameraMode":{"drawMode":0,"name":"Shaded","section":"Shading Mode"},"sceneLighting":false,"audioPlay":false,"sceneViewState":{"m_AlwaysRefresh":false,"showFog":true,"showSkybox":false,"showFlares":true,"showImageEffects":true,"showParticleSystems":true,"showVisualEffectGraphs":true,"m_FxEnabled":true},"in2DMode":false,"pivot":{"x":-0.307206392288208,"y":0.022800683975219728,"z":-1.1748545169830323},"rotation":{"x":0.2842895984649658,"y":-0.5608397722244263,"z":0.21323399245738984,"w":0.747786819934845},"size":1.2247446775436402,"orthographic":false}